¿Cómo se define el newton en términos de unidades básicas, y qué ley anticipa esa definición?	1 N ≡ 1 kg·m/s². Anticipa la segunda ley: un newton es la fuerza que le imprime a un kilogramo una aceleración de un metro por segundo al cuadrado.	fisica-1 dinamica-newtoniana examen::parcial-1 examen::recuperatorio-regularidad
Tirás de un cuerpo con dos balanzas de resorte en direcciones distintas: una marca 3 N y la otra 4 N. ¿Alcanza con esos dos números para saber el efecto sobre el cuerpo?	No: falta el ángulo entre ellas. El efecto que se mide es el de la suma vectorial de las dos lecturas, no el de la suma de sus módulos. Los 7 N salen solo si las dos tiran en la misma dirección y sentido. Que la fuerza sea vectorial es un hecho experimental, no una convención de notación.	fisica-1 dinamica-newtoniana examen::parcial-1 examen::recuperatorio-regularidad
¿Por qué separar las fuerzas en «de contacto» y «de campo» es una comodidad de trabajo y no una distinción fundamental?	Porque a escala atómica todas las fuerzas de contacto son eléctricas: lo que llamamos tocar es una interacción entre nubes de electrones que nunca llegan a superponerse. La separación sirve para organizar el análisis, nada más.	fisica-1 dinamica-newtoniana examen::parcial-1 examen::recuperatorio-regularidad
¿Qué condición tiene que cumplir un sistema de referencia para ser inercial?	Que un objeto que no interactúa con nada tenga aceleración nula en él. Todo marco que se mueva con velocidad constante respecto de uno inercial también es inercial. La Tierra no lo es en sentido estricto, porque rota y orbita, pero sus aceleraciones son despreciables frente a g.	fisica-1 dinamica-newtoniana examen::parcial-1 examen::recuperatorio-regularidad
Si la segunda ley con ΣF = 0 ya describe el movimiento a velocidad constante, ¿qué función le queda a la primera ley?	No es un caso particular de la segunda: es la afirmación de qué marcos de referencia son legítimos para escribir ΣF = ma. Además describe otra situación física — ausencia de fuerzas externas, no cancelación de fuerzas. Las consecuencias cinemáticas coinciden; los enunciados no.	fisica-1 dinamica-newtoniana examen::parcial-1 examen::recuperatorio-regularidad
Un paracaidista cae a velocidad constante con el paracaídas abierto. ¿Qué ley describe su situación, y por qué?	La segunda, con fuerza neta nula. Sobre él actúan dos fuerzas grandes, el peso y la resistencia del aire, que se cancelan entre sí. Hay fuerzas, no ausencia de fuerzas, así que no es un caso de la primera ley.	fisica-1 dinamica-newtoniana examen::parcial-1 examen::recuperatorio-regularidad
Escribí la definición operacional de masa inercial para dos cuerpos a los que se les aplica por separado la misma fuerza.	m₁/m₂ ≡ a₂/a₁. Los subíndices se cruzan: el cuerpo que menos se acelera es el que más masa tiene. Permite comparar dos masas sin saber cuánta fuerza se aplicó, siempre que sea la misma en los dos casos.	fisica-1 dinamica-newtoniana examen::parcial-1 examen::recuperatorio-regularidad
Masa inercial y masa gravitacional: ¿qué mide cada una, y qué justifica usar un solo número para las dos?	La inercial mide la resistencia a que le cambien la velocidad; la gravitacional, con qué intensidad el cuerpo atrae y es atraído gravitatoriamente. Conceptualmente no tienen nada que ver. Experimentalmente dan siempre el mismo valor, con precisión altísima, y por eso se usa una sola palabra y un solo número.	fisica-1 dinamica-newtoniana examen::parcial-1 examen::recuperatorio-regularidad
Una valija de 20 kg se lleva de Córdoba a la Luna. ¿Qué cantidad cambia, cuál no, y de qué es propiedad cada una?	La masa no cambia: siguen siendo 20 kg, porque mide resistencia a acelerar y eso no depende del lugar. Es propiedad del objeto. El peso sí cambia: unos 200 N en Córdoba y la sexta parte en la Luna, porque depende de g. No es propiedad del objeto sino del sistema que forma con el cuerpo que lo atrae.	fisica-1 dinamica-newtoniana examen::parcial-1 examen::recuperatorio-regularidad
¿Por qué el modelo de análisis (equilibrio o fuerza neta) se elige por dirección y no por problema?	Porque ΣF = ma es vectorial y se separa en ecuaciones escalares independientes, una por eje: ΣFx = m·ax y ΣFy = m·ay. En un mismo problema el cuerpo puede tener fuerza neta en una dirección y estar en equilibrio en la otra, como una caja arrastrada sobre una mesa horizontal. Hay que volver a elegir el modelo en cada eje.	fisica-1 dinamica-newtoniana examen::parcial-1 examen::recuperatorio-regularidad
Sobre un bloque de 2 kg actúan un peso de 20 N hacia abajo y una normal de 26 N hacia arriba. En el diagrama alguien dibuja tres flechas: 20 N, 26 N y 6 N. ¿Cuál sobra y por qué?	Sobra la de 6 N: es m·a, con a = 3 m/s² hacia arriba. Es el resultado de sumar las fuerzas, no un sumando más: vive del otro lado del signo igual y nunca aparece en el diagrama ni en la lista de fuerzas.	fisica-1 dinamica-newtoniana examen::parcial-1 examen::recuperatorio-regularidad
¿Cuál es el criterio del «recorte» que decide qué se dibuja en un diagrama de cuerpo aislado?	Se traza una línea imaginaria alrededor del objeto elegido y se anota únicamente lo que cruza esa línea hacia adentro: las fuerzas que otros le hacen a él. Todo lo que el objeto le hace al resto del mundo queda afuera. Las fuerzas de campo cruzan la línea igual que las de contacto, aunque no haya nada apoyado: el peso siempre entra.	fisica-1 dinamica-newtoniana examen::parcial-1 examen::recuperatorio-regularidad
¿En qué momento del problema conviene hacer el diagrama de cuerpo aislado, y qué tipo de error previene hacerlo ahí?	Antes de escribir una sola ecuación, nunca después para ilustrar lo ya resuelto. La mayoría de los errores de dinámica no son de álgebra sino fuerzas de más o de menos en la lista, y el diagrama es el único lugar donde eso se ve.	fisica-1 dinamica-newtoniana examen::parcial-1 examen::recuperatorio-regularidad
Diagrama de cuerpo aislado y diagrama de cuerpo libre: ¿son herramientas distintas?	No, son exactamente la misma con dos nombres. «Cuerpo aislado» es el nombre que usa la cátedra; «cuerpo libre» es el que aparece en Serway.	fisica-1 dinamica-newtoniana examen::parcial-1 examen::recuperatorio-regularidad
Un bloque apoyado en una mesa horizontal cumple n = mg. Nombrá tres modificaciones de la situación que rompan esa igualdad.	Inclinar la superficie, y queda n = mg·cos θ. Apoyar una mano encima o colgarle algo, que agrega fuerzas verticales. Meterlo en un ascensor acelerado, y queda n = m(g ± a). La normal es pasiva: toma el valor que haga falta para que el cuerpo no atraviese la superficie, así que siempre se despeja de la segunda ley en la dirección perpendicular, nunca se escribe de memoria.	fisica-1 dinamica-newtoniana examen::parcial-1 examen::recuperatorio-regularidad
Estás parado sobre una balanza dentro de un ascensor que sube acelerando, y la balanza marca más que en reposo. ¿Qué cantidad aumentó y qué le pasó a tu peso?	El peso no se enteró de nada: vale mg y sigue igual. Lo que aumentó es la normal que hace la balanza, que es lo que ella mide y lo que sienten los pies. Sale de despejar n de la segunda ley en la vertical con aceleración hacia arriba.	fisica-1 dinamica-newtoniana examen::parcial-1 examen::recuperatorio-regularidad
¿Qué dirección y sentido tiene la fuerza que una cuerda ejerce sobre el objeto atado a ella, y qué condición permite hablar de «la» tensión de la soga como un único número?	La dirección de la cuerda, con el sentido que se aleja del objeto: una soga tira, nunca empuja. Si la cuerda tiene masa despreciable, la tensión es la misma en todos sus puntos, y por eso alcanza con un solo número. T es un escalar; la fuerza es lo que tiene dirección y sentido.	fisica-1 dinamica-newtoniana examen::parcial-1 examen::recuperatorio-regularidad
En un libro apoyado sobre una mesa, n y mg tienen igual módulo y sentidos opuestos. ¿Qué relación hay entre esas dos fuerzas, y cuál es la verdadera pareja de tercera ley de cada una?	No son un par de acción y reacción: las dos actúan sobre el mismo cuerpo, el libro, y un par de tercera ley nunca lo hace. Que los módulos coincidan sale de la segunda ley aplicada a un cuerpo sin aceleración vertical, y deja de valer apenas el libro entra en un ascensor acelerado. La pareja de mg es la atracción que el libro ejerce sobre la Tierra; la de n, la fuerza que el libro ejerce sobre la mesa, hacia abajo. Cuando la guía pide «la reacción del plano sobre el bloque» está nombrando a n, no a un par de tercera ley.	fisica-1 dinamica-newtoniana examen::parcial-1 examen::recuperatorio-regularidad
¿Qué convención de subíndices se adopta en el capítulo para escribir la tercera ley, y cómo queda la ecuación?	El primer subíndice nombra al cuerpo que ejerce la fuerza y el segundo al cuerpo que la recibe. Con eso, F₁₂ = −F₂₁. Los textos suelen dar la convención por sobreentendida, así que conviene fijarla antes de escribir nada.	fisica-1 dinamica-newtoniana examen::parcial-1 examen::recuperatorio-regularidad
Enumerá las tres propiedades que cumplen siempre las dos fuerzas de un par de interacción.	Actúan sobre cuerpos distintos, siempre. Son del mismo tipo: si una es gravitatoria la otra también, si una es de contacto la otra también. Y no existen por separado, porque no hay manera de ejercer una fuerza sin recibir su pareja. De la primera se sigue el uso práctico: nunca aparecen juntas en un mismo diagrama de cuerpo aislado y por lo tanto nunca se cancelan entre sí.	fisica-1 dinamica-newtoniana examen::parcial-1 examen::recuperatorio-regularidad
¿Por qué en un plano inclinado se eligen ejes paralelo y perpendicular al plano en lugar de horizontal y vertical?	Porque si el cuerpo se mueve, se mueve a lo largo del plano: con ejes rotados su aceleración tiene una sola componente no nula en vez de dos. Y la normal, perpendicular al plano por definición, queda alineada con un eje y no hay que descomponerla. El costo es descomponer el peso, pero descomponer una fuerza conocida sale más barato que arrastrar dos incógnitas repartidas en dos componentes cada una.	fisica-1 dinamica-newtoniana examen::parcial-1 examen::recuperatorio-regularidad
En un plano inclinado un ángulo θ, ¿cuánto valen las dos componentes del peso respecto de los ejes del plano, y por qué aparece ese mismo θ en la descomposición?	A lo largo del plano, mg·sen θ, apuntando hacia abajo de la pendiente. Perpendicular al plano, mg·cos θ, contra la normal. El ángulo entre el peso y el eje perpendicular al plano es el mismo θ del plano porque sus lados son perpendiculares entre sí. De ΣFy = n − mg·cos θ = 0 sale n = mg·cos θ.	fisica-1 dinamica-newtoniana examen::parcial-1 examen::recuperatorio-regularidad
Un problema deja dos ecuaciones que comparten una misma incógnita molesta, típicamente T o n. ¿Qué maniobra la elimina de un saque?	Dividir una ecuación por la otra: la incógnita se cancela y queda una relación directa entre el ángulo y los datos del problema.	fisica-1 dinamica-newtoniana examen::parcial-1 examen::recuperatorio-regularidad
¿Qué codifica el signo menos en Fs = −kx, y cómo se llama una fuerza con esa propiedad?	Codifica que la fuerza siempre se opone al desplazamiento y apunta de vuelta a la posición de equilibrio: si estirás hacia el lado positivo, x > 0 y la fuerza sale negativa; si comprimís, x < 0 y sale positiva. Una fuerza así se llama restauradora, y el signo menos es la manera más económica de escribirla.	fisica-1 dinamica-newtoniana examen::parcial-1 examen::recuperatorio-regularidad
Un cuerpo de masa m cuelga en reposo de un resorte de constante k sujeto al techo. ¿Cuánto se estiró el resorte respecto de su longitud natural, y de dónde sale ese resultado?	d = mg/k. Sale de plantear la segunda ley en la vertical con el cuerpo en reposo: kd − mg = 0. La posición de reposo no es la de la longitud natural del resorte.	fisica-1 dinamica-newtoniana examen::parcial-1 examen::recuperatorio-regularidad
Alguien escribe la fuerza neta sobre un cuerpo colgado de un resorte como Fneta = −kx, midiendo x desde la longitud natural. ¿Qué le falta a esa ecuación y cómo se arregla cambiando el origen?	Medido desde la longitud natural, −kx es solo la fuerza del resorte: falta el término mg, y la fuerza neta queda corrida en exactamente mg. Medir desde ahí es legítimo si se suma el peso. Si en cambio se toma el origen en la nueva posición de equilibrio, kd y mg ya se cancelaron entre sí y la fuerza neta vuelve a ser −kx, sin ningún término extra.	fisica-1 dinamica-newtoniana examen::parcial-1 examen::recuperatorio-regularidad
¿Qué frase de un enunciado te habilita a escribir la relación estática con igualdad, fe = μe·n?	Solo la de movimiento inminente: «está a punto de arrancar», «la mínima fuerza capaz de moverlo», «el ángulo en que empieza a deslizar». En cualquier otra situación la relación es fe ≤ μe·n, y el valor de fe se despeja del equilibrio, igual que la normal. El producto μe·n no es el rozamiento sino su techo.	fisica-1 dinamica-newtoniana examen::parcial-1 examen::recuperatorio-regularidad
Un cajón de 100 N está quieto sobre piso horizontal, μe = 0,4, y lo empujás con 20 N sin moverlo. ¿A qué pregunta contesta el número 40 N, si no es a la del rozamiento?	A la de cuánto habría que empujar para arrancarlo: 40 N es el techo μe·n, con n = 100 N. El rozamiento en esa situación vale 20 N, y sale del equilibrio horizontal, porque el cajón no se mueve. Son dos preguntas distintas y el enunciado contesta la primera solo si pide la fuerza mínima.	fisica-1 dinamica-newtoniana examen::parcial-1 examen::recuperatorio-regularidad
Un borrador se mantiene quieto contra un pizarrón vertical porque alguien lo aprieta horizontalmente con una fuerza F. ¿Qué sostiene su peso, cuánto vale la normal, y por qué apretar más ayuda?	Lo sostiene el rozamiento estático, que acá es vertical y tiene que igualar al peso: fe = P, despejado del equilibrio. La normal es horizontal y vale F, sin ninguna relación con mg. Apretar más no empuja al borrador hacia arriba: sube n, y con ella el techo μe·n, que es hasta dónde puede crecer el rozamiento antes de que resbale.	fisica-1 dinamica-newtoniana examen::parcial-1 examen::recuperatorio-regularidad
Sobre un cuerpo que se mueve actúa una fuerza que se le opone y que crece con la rapidez. ¿Puede ser rozamiento dinámico?	No. El rozamiento dinámico de este modelo vale μd·n y no depende de la rapidez: ir a 1 m/s o a 5 m/s da la misma fuerza. Una fuerza que crece con la velocidad es la resistencia de un fluido, aire o agua, que es un modelo distinto, aparece más adelante en la materia, y confundirlo con el rozamiento arruina el planteo desde el primer renglón.	fisica-1 dinamica-newtoniana examen::parcial-1 examen::recuperatorio-regularidad
Aclaraciones de símbolos del capítulo: ¿qué es μ y qué unidades tiene, cómo escribe la cátedra los dos coeficientes y cómo aparecen en la bibliografía en inglés?	μ es siempre un coeficiente de rozamiento y es adimensional; k, en cambio, es siempre la constante elástica de un resorte y va en N/m: no tienen nada que ver. La cátedra escribe μe para el estático y μd para el dinámico, y dice «dinámico» donde el inglés dice «cinético», con μs y μk. Rozamiento y fricción son sinónimos. Los coeficientes son propios del par de superficies, no de un material solo, y nada los obliga a ser menores que 1: hule sobre concreto seco llega a μe = 1,0.	fisica-1 dinamica-newtoniana examen::parcial-1 examen::recuperatorio-regularidad
¿Por qué cuesta más arrancar un ropero que mantenerlo andando, y cuál es el par de superficies tabulado que no cumple eso?	Porque para casi todos los pares μd es menor que μe: hay que vencer el techo μe·n para arrancar, y una vez deslizando el rozamiento cae a μd·n. El tirón que se siente en la mano cuando el mueble por fin se mueve es exactamente ese escalón. La excepción entre los pares tabulados es el teflón contra teflón, con μe = μd = 0,04. La versión cara de la misma física es el ABS, que suelta y aprieta el freno para mantener la rueda del lado estático.	fisica-1 dinamica-newtoniana examen::parcial-1 examen::recuperatorio-regularidad
Caminás a cinco kilómetros por hora. ¿Por qué es coherente decir que el rozamiento entre la suela y la vereda es estático, si el dueño de la suela viene a toda velocidad?	Porque el régimen lo decide el movimiento relativo entre las dos superficies que se tocan, no la velocidad del cuerpo respecto del piso. El pie apoyado se planta y no desliza sobre la vereda: el resto del cuerpo pasa por encima. Sin deslizamiento entre suela y piso, el rozamiento es estático.	fisica-1 dinamica-newtoniana examen::parcial-1 examen::recuperatorio-regularidad
Regla operativa para decidir el sentido del rozamiento cuando el cuerpo que aislaste toca dos superficies distintas.	Es una pregunta por superficie de contacto, no una por problema. Para cada cara: cómo se mueve el cuerpo que estoy aislando respecto de la superficie que esa cara toca, y el rozamiento sobre esa cara se opone a ese movimiento relativo. En un cuerpo apilado hay que hacérsela dos veces, una por la cara de arriba y otra por la de abajo, y las dos respuestas pueden salir distintas.	fisica-1 dinamica-newtoniana examen::parcial-1 examen::recuperatorio-regularidad
Dos libros deslizan sobre una mesa, uno encima del otro, y el de arriba adelanta al de abajo. ¿Qué velocidad decide el rozamiento en la cara inferior del libro de arriba?	Su velocidad respecto del libro de abajo, no respecto de la mesa. Como uno se corre respecto del otro, el rozamiento entre ellos es dinámico, y el sentido sobre cada uno sale de mirar quién se corre respecto de quién: hacia atrás sobre el de arriba, hacia adelante sobre el de abajo. Esas dos flechas forman un par de tercera ley y se reparten entre los dos diagramas.	fisica-1 dinamica-newtoniana examen::parcial-1 examen::recuperatorio-regularidad
Tenés una tabla, un transportador y un bloque, y ningún dinamómetro ni balanza. ¿Cómo medís μe?	Levantás la tabla despacio hasta que el bloque arranca a deslizar y medís ese ángulo crítico: μe = tan θc. Sale de que en el movimiento inminente el rozamiento llegó a su techo, con fe = mg·sen θ y n = mg·cos θ; al dividir, la masa y g se cancelan, y por eso no hacen falta ni fuerza ni masa. Con θc = 20,0 grados da μe = 0,364.	fisica-1 dinamica-newtoniana examen::parcial-1 examen::recuperatorio-regularidad
Para un cuerpo quieto sobre un plano inclinado un ángulo θ cualquiera, ¿qué relación vale siempre entre fe y n, y en qué se diferencia del caso del ángulo crítico?	Siempre vale fe = n·tan θ, que sale de dividir las dos ecuaciones de equilibrio y donde μe no interviene: si inclinás más, fe crece sola. Solo en el ángulo crítico el rozamiento llegó a su techo y ahí se puede reemplazar fe = μe·n, de donde μe = tan θc. En cualquier otro ángulo, tan θ no es μe.	fisica-1 dinamica-newtoniana examen::parcial-1 examen::recuperatorio-regularidad
Arrastrás un fardo sobre piso horizontal tirando de una soga inclinada, y el ángulo óptimo resulta cumplir tan θ = μd. ¿Es la misma relación que la del ángulo crítico?	Tiene la misma forma y sale de otro lado. En el plano inclinado, tan θc = μe viene del equilibrio del cuerpo en el instante de arrancar, o sea de la física. En el arrastre con soga oblicua, tan θóptimo = μd sale de maximizar cos θ + μd·sen θ, que es una identidad de trigonometría y no física nueva. Conviene reconocer la forma sin confundir los orígenes.	fisica-1 dinamica-newtoniana examen::parcial-1 examen::recuperatorio-regularidad
Contá ecuaciones e incógnitas en un problema de dos cuerpos unidos por una soga, y decidí si el sistema queda determinado.	No queda. Dos cuerpos en el plano dan cuatro ecuaciones escalares de segunda ley, pero las incógnitas crecen más rápido: dos aceleraciones desconocidas más la fuerza interna. Falta exactamente una ecuación, y no va a salir de ningún diagrama por más que los mires: es el vínculo cinemático, y sale de la geometría del montaje.	fisica-1 dinamica-newtoniana examen::parcial-1 examen::recuperatorio-regularidad
Vínculo de soga inextensible y vínculo de contacto entre bloques que se empujan: ¿cuál de los dos es más fuerte, y en qué se nota al resolver?	El de contacto. Con la soga, las dos aceleraciones tienen el mismo módulo pero pueden apuntar en direcciones distintas, una vertical y la otra paralela a un plano inclinado. Con dos bloques que se empujan y no se separan es exactamente la misma aceleración, el mismo vector, porque se mueven juntos. Por eso los problemas de bloques en contacto salen más rápido.	fisica-1 dinamica-newtoniana examen::parcial-1 examen::recuperatorio-regularidad
Dos montajes tienen exactamente las mismas fuerzas pero distinta geometría. ¿Pueden tener vínculos cinemáticos distintos, y qué dice eso sobre qué tipo de objeto es el vínculo?	Sí, y ese es el punto: el vínculo no es información sobre qué fuerzas hay sino sobre cómo está armado el aparato. Todo lo demás que usás sale de las leyes de Newton; el vínculo, no. Por eso, cuando el vínculo no cierra, hay que ir a mirar el dibujo del montaje y no las ecuaciones.	fisica-1 dinamica-newtoniana examen::parcial-1 examen::recuperatorio-regularidad
Enunciá en una sola oración la convención de signos que permite escribir el vínculo de una Atwood como aA = aB = a.	El sentido positivo, en cada cuerpo, es el sentido en que ese cuerpo se mueve: para el que baja, positivo hacia abajo; para el que sube, positivo hacia arriba; para el que va sobre un plano inclinado, positivo en la dirección en que avanza a lo largo del plano. Con eso las dos aceleraciones son el mismo número positivo y las ecuaciones se suman sin arrastrar signos.	fisica-1 dinamica-newtoniana examen::parcial-1 examen::recuperatorio-regularidad
Planteás un sistema acoplado y el resultado te da una tensión negativa, o una aceleración mayor que g. ¿Qué revisás primero?	La convención de signos. El caso típico es haber tomado «arriba positivo» para los dos cuerpos y después haber escrito la misma a en las dos ecuaciones: con ejes iguales las aceleraciones son opuestas y hay que arrastrar esa diferencia de signo hasta el final. Esos valores imposibles son la señal de que el sistema quedó inconsistente, no un resultado físico.	fisica-1 dinamica-newtoniana examen::parcial-1 examen::recuperatorio-regularidad
En un montaje de dos cuerpos, ¿qué criterio decide por cuál conviene empezar el planteo, y cuánto ahorra?	Empezar por el cuerpo con menos incógnitas en su diagrama, no por el más grande ni por el que nombra primero el enunciado. En dos cajones apilados con una soga que pasa por una roldana, aislar primero el de arriba deja la tensión despejada en un renglón; empezar por el de abajo deja juntas la tensión y la fuerza aplicada y obliga a ir igual al otro cuerpo. Ahorra la mitad del trabajo.	fisica-1 dinamica-newtoniana examen::parcial-1 examen::recuperatorio-regularidad
Leé estructuralmente la aceleración de una Atwood, a = (mB − mA)·g/(mA + mB): ¿qué es el numerador y qué el denominador?	El numerador es la fuerza externa desequilibrada del conjunto y el denominador es la masa total: la Atwood no es más que la segunda ley aplicada al sistema entero, que es justamente lo que hace el atajo del conjunto. Los límites lo confirman: con mA = mB da a = 0, y con mB mucho mayor que mA la aceleración tiende a g, como una caída libre que arrastra un peso despreciable.	fisica-1 dinamica-newtoniana examen::parcial-1 examen::recuperatorio-regularidad
El enunciado aclara «se desprecia el rozamiento en la roldana». ¿Qué te está concediendo y qué economía de incógnitas te da?	Que la polea es ideal, sin masa y sin rozamiento en el eje, y por lo tanto que la tensión es la misma a los dos lados. La economía es escribir una sola T en las dos ecuaciones en lugar de dos incógnitas separadas. Con una polea real las dos tensiones difieren, y tratarla requiere dinámica de rotación, que llega más adelante en la materia.	fisica-1 dinamica-newtoniana examen::parcial-1 examen::recuperatorio-regularidad
Dos cajones apilados sobre el piso: ¿de qué ecuación sale cada una de las dos normales, y qué sostiene cada una?	La normal entre el de arriba y el de abajo sale del equilibrio vertical del de arriba, y sostiene solo a ese. La normal del piso sale del equilibrio vertical del de abajo, donde aparecen su propio peso más la fuerza que el de arriba le hace hacia abajo, así que sostiene a los dos. Cada rozamiento se calcula con la normal de su propia superficie, y confundirlas es el error más caro del capítulo.	fisica-1 dinamica-newtoniana examen::parcial-1 examen::recuperatorio-regularidad
Una caja de libros va apoyada sobre otra caja, alguien tira de la de abajo y las dos arrancan juntas. ¿Qué fuerza acelera a la caja de arriba, y hacia dónde apunta?	El rozamiento que le hace la caja de abajo en su cara inferior, y apunta hacia adelante, en el mismo sentido en que se mueve. Es la única fuerza horizontal que cruza su recorte, así que no hay otra candidata: si apuntara hacia atrás, la caja de arriba no podría acelerar. Contradice el reflejo de que el rozamiento siempre frena.	fisica-1 dinamica-newtoniana examen::parcial-1 examen::recuperatorio-regularidad
El enunciado dice que el conjunto se mueve a velocidad constante. ¿Qué se simplifica en el planteo, aun con varios cuerpos en movimiento?	La aceleración es cero, así que todas las ecuaciones se vuelven de equilibrio: sumas de fuerzas igualadas a cero, en todos los cuerpos a la vez. Resolver eso es mucho más barato que un sistema con aceleración, y conviene reconocer la frase apenas aparece en el enunciado, antes de escribir nada.	fisica-1 dinamica-newtoniana examen::parcial-1 examen::recuperatorio-regularidad
Al montar un problema de cinemática elegís el origen del eje, el sentido positivo del eje y el instante t=0. Hay una cuarta cosa del mismo tipo que no podés elegir. ¿Cuál es, y qué consecuencia tiene?	El sentido en que crece el tiempo: t crece hacia el futuro y no hay opción. El espacio admite dos sentidos legítimos y el tiempo uno solo. La consecuencia es que Δt es siempre positivo mientras que Δx puede tener cualquier signo, y por eso el signo de la velocidad media lo pone íntegramente el desplazamiento.	fisica-1 cinematica-1d examen::parcial-1 examen::recuperatorio-regularidad
¿Qué gana escribirse x(t) = ⅓ m/s³·t³ − 1 m/s·t + ½ m en lugar de x(t) = ⅓t³ − t + ½?	El chequeo dimensional se hace solo: cada término tiene que dar metros, y el que no dé delata el error antes de reemplazar ningún número. Es la costumbre del apunte de la cátedra y conviene verla por lo menos una vez. Pesa bastante a la hora de escribir, así que en la práctica las unidades van en los datos y en los resultados, con el compromiso tácito de t en segundos y x en metros.	fisica-1 cinematica-1d examen::parcial-1 examen::recuperatorio-regularidad
¿Por qué calcular la longitud del camino recorrido exige más información que calcular el desplazamiento?	Porque el desplazamiento solo mira los dos extremos del intervalo: es una resta y lo que pasó en el medio no le interesa. El camino recorrido necesita saber dónde el móvil invirtió el sentido, para sumar cada tramo en valor absoluto. Y encontrar esos instantes no es buscar dónde v=0, porque no todo instante con velocidad nula es una vuelta: el criterio es que v cambie de signo.	fisica-1 cinematica-1d examen::parcial-1 examen::recuperatorio-regularidad
Un ejercicio te da, para el mismo intervalo, desplazamiento −7 m y camino recorrido 5 m. ¿Qué concluís sin mirar los datos?	Que hay un error de cuenta. Siempre vale d ≥ |Δx|, y acá |Δx| = 7 m es mayor que los 5 m de camino. La igualdad se da únicamente cuando el móvil no invirtió el sentido en todo el intervalo; que el camino quede por debajo del módulo del desplazamiento es imposible, sin excepción.	fisica-1 cinematica-1d examen::parcial-1 examen::recuperatorio-regularidad
En el parcial aparece la expresión «velocidad promedio». ¿Con qué fórmula la calculás y cómo se llama esa misma magnitud en otros libros?	⟨V⟩ = d/Δt, con d el camino recorrido; es el término del apunte de la cátedra y el que va a aparecer en el parcial. En otros textos la misma magnitud figura como rapidez media. Es siempre positiva, porque d lo es. No confundirla con la velocidad media v̄ = Δx/Δt, que hereda el signo del desplazamiento: la notación las distingue a propósito, barra arriba para la media y angulares para la promedio.	fisica-1 cinematica-1d examen::parcial-1 examen::recuperatorio-regularidad
Un ejercicio pide la velocidad media y la velocidad promedio en dos incisos seguidos del mismo tramo. ¿Qué te está anticipando esa estructura antes de que hagas ninguna cuenta?	Que en ese tramo las dos no coinciden, o sea que el móvil invirtió el sentido en el medio: si no lo hubiera hecho, d = |Δx| y los dos incisos darían el mismo módulo. Pedirlas juntas solo tiene sentido cuando hay ida y vuelta, y el caso extremo es el que termina donde empezó, donde la media da exactamente cero y la promedio no.	fisica-1 cinematica-1d examen::parcial-1 examen::recuperatorio-regularidad
Para x(t) = a₂t² + a₁t + a₀ la velocidad media entre t y t+Δt da v̄ = a₂(2t + Δt) + a₁. ¿Qué se lee en ese resultado antes de tomar el límite, y qué queda después?	Antes: la velocidad media depende de t y también de Δt, es decir del intervalo elegido, que es exactamente la insuficiencia que motivó construir la derivada. Después, con Δt → 0, desaparece el único término que contenía a Δt y queda v(t) = 2a₂t + a₁, que depende solo del instante. Si a₂ = 0 las dos expresiones coinciden, y coinciden porque ya no había ninguna dependencia del intervalo que eliminar.	fisica-1 cinematica-1d examen::parcial-1 examen::recuperatorio-regularidad
Te dan el gráfico de x(t) impreso, sin su fórmula, y piden la velocidad en t = 1 s. ¿Se puede, y con qué?	Sí, y con una regla: se traza la recta tangente a la curva en t = 1 s y se mide su pendiente. No hace falta ninguna cuenta ni conocer la expresión de x(t). Es la contrapartida gráfica de la derivada, y la guía la pide explícitamente con la aclaración «sin derivar» antes de hacer la cuenta y comparar.	fisica-1 cinematica-1d examen::parcial-1 examen::recuperatorio-regularidad
Leyendo el apunte de la cátedra en paralelo con esta síntesis, ¿por qué la letra a sola es peligrosa, y qué convención adopta la síntesis para evitarlo?	Porque el apunte la usa para tres cosas distintas: en su capítulo 1 escribe la cuadrática como x = at² + bt + c, en su capítulo 2 como x = a₂t² + a₁t + a₀, y en el capítulo 3 introduce la aceleración física con la letra a. El a del capítulo 1 no es la aceleración: vale la mitad. La síntesis usa siempre subíndices para los coeficientes y reserva a sin subíndice exclusivamente para la aceleración. Confundirlos cuesta un factor 2 que se propaga a todo el ejercicio.	fisica-1 cinematica-1d examen::parcial-1 examen::recuperatorio-regularidad
Un móvil arranca en x₀ = 4 m con v₀ = −6 m/s y acelera constantemente a 3 m/s². Escribí su x(t) en la forma a₂t² + a₁t + a₀ y decí qué es cada coeficiente.	x(t) = 1,5t² − 6t + 4. Los coeficientes son a₀ = x₀ = 4 m, a₁ = v₀ = −6 m/s y a₂ = a/2 = 1,5 m/s². Dada una parábola cualquiera, sus tres coeficientes son la posición inicial, la velocidad inicial y la mitad de la aceleración, en ese orden. El factor 2 entre a₂ y a viene del ½ de la primitiva, no de ningún lado misterioso.	fisica-1 cinematica-1d examen::parcial-1 examen::recuperatorio-regularidad
Completá con precisión: un móvil frena exactamente cuando ___.	…su rapidez |v| disminuye, y eso ocurre exactamente cuando v y a tienen signos opuestos, sin importar cuáles sean esos signos. Frenar no es tener velocidad negativa: el signo de v dice hacia dónde va el móvil respecto del eje que elegiste vos, y nada más. Un móvil con v<0 y a<0 va hacia atrás cada vez más rápido.	fisica-1 cinematica-1d examen::parcial-1 examen::recuperatorio-regularidad
¿De dónde sale el ½ de x = x₀ + v₀t + ½at², y qué número aparecería en su lugar si lo que se integrara fuese t² en vez de t?	Es el 1/(α+1) de la primitiva de la potencia, con α = 1: integrar t da t²/2. Si se integrara t² daría t³/3, o sea un tercio. No hay nada que memorizar, hay una tabla de derivadas que se lee al revés. Ese mismo ½ es el que después explica que la aceleración valga 2a₂ y no a₂.	fisica-1 cinematica-1d examen::parcial-1 examen::recuperatorio-regularidad
En el secundario el reposo, el movimiento uniforme y el uniformemente variado eran tres fórmulas separadas. ¿Qué son acá, y qué se gana con esa lectura?	El mismo procedimiento —integrar dos veces una aceleración constante— parado en tres lugares distintos: con a = 0 y v₀ = 0 queda el reposo, con a = 0 el uniforme, y con a ≠ 0 el uniformemente variado. Se gana que el procedimiento entrega las tres de una sola vez en lugar de guardarlas como tres cosas independientes, y sobre todo que sigue funcionando cuando la aceleración no es constante o cambia por tramos, que es donde la fórmula memorizada no sirve para nada.	fisica-1 cinematica-1d examen::parcial-1 examen::recuperatorio-regularidad
¿Por qué la tabla del capítulo escribe x₀ + v₀(t − t₀) + ½a(t − t₀)² y no la versión con t a secas?	Porque el instante de referencia no tiene por qué ser cero, y en los problemas de encuentro casi nunca lo es: un móvil que arranca 6 s después que el otro lleva un (t − 6) adentro de su propia función de movimiento. Con t₀ = 0 se recuperan las expresiones habituales, que son el caso particular y no el general.	fisica-1 cinematica-1d examen::parcial-1 examen::recuperatorio-regularidad
Mostrá en dos pasos cómo se elimina el tiempo entre v = v₀ + at y Δx = v₀t + ½at².	Primero, de v = v₀ + at con a ≠ 0 se despeja t = (v − v₀)/a. Segundo, se reemplaza en la otra: Δx = [2v₀(v − v₀) + (v − v₀)²]/(2a) = (v² − v₀²)/(2a), de donde v² = v₀² + 2aΔx. No entra ninguna física nueva: es álgebra sobre las dos expresiones ya deducidas, y por eso arrastra exactamente sus mismas condiciones de validez. El apunte de la cátedra no la trae escrita.	fisica-1 cinematica-1d examen::parcial-1 examen::recuperatorio-regularidad
Soltás juntos desde la misma altura un bollo de papel y una moneda: llegan juntos. Repetís con la hoja abierta en lugar del bollo: ya no. ¿Qué prueba ese par de experimentos?	Que la diferencia está en el aire y no en los cuerpos: es la misma hoja en los dos casos, y lo único que cambió fue cuánto la frena el aire. Cuando el aire no interfiere de manera apreciable, todo cuerpo soltado cerca de la superficie de la Tierra cae con la misma aceleración, constante y dirigida hacia abajo, sin que importe de qué está hecho ni cuánta materia tiene.	fisica-1 cinematica-1d examen::parcial-1 examen::recuperatorio-regularidad
¿Qué tienen de nuevo, como movimientos, la caída libre y el tiro vertical?	Nada: son el movimiento uniformemente variado con un valor particular de a, el que da el hecho experimental de que todos los cuerpos caen igual. Por qué ocurre eso este capítulo no lo contesta, porque hacen falta ideas que todavía no están sobre la mesa, y tampoco le hace falta: alcanza con el hecho medido. Con el eje vertical y el positivo hacia arriba, a = −g, v(t) = v₀ − gt e y(t) = y₀ + v₀t − ½gt².	fisica-1 cinematica-1d examen::parcial-1 examen::recuperatorio-regularidad
La cátedra fija g = 10 m/s² en sus enunciados. ¿Por qué las deducciones del capítulo igual lo dejan escrito como g y lo reemplazan recién al final?	Porque algunos resultados no dependen de su valor, y eso solo se ve si no se reemplaza antes de tiempo. El ejemplo resuelto lo muestra: la altura que le queda a la pelota por encima de B resulta ser un tercio de la separación entre A y B, independientemente de g y de todo lo demás. Reemplazar temprano esconde ese tipo de conclusión.	fisica-1 cinematica-1d examen::parcial-1 examen::recuperatorio-regularidad
Un movimiento tiene tres tramos con aceleración distinta. ¿Cuántas constantes de integración hay que fijar para escribir v(t) completa, y cuántos datos del enunciado hacen falta para eso?	Tres constantes, una por tramo, pero un solo dato del enunciado: el del primer tramo. Las otras dos no son datos libres, las fija la continuidad de v en cada empalme, exigiendo que el valor con el que termina un tramo sea el valor con el que arranca el siguiente. Fijadas las de v, se repite todo el procedimiento para x(t) con la misma exigencia de continuidad.	fisica-1 cinematica-1d examen::parcial-1 examen::recuperatorio-regularidad
¿Qué tendría de imposible una velocidad que pega un salto en un instante?	Exigiría una aceleración infinita: un cambio finito de velocidad en un tiempo nulo. Eso no ocurre, y por eso v(t) es continua aunque a(t) sí pueda saltar. Escrita con límites laterales, la condición de empalme entre tramos es lím(t→t₁⁻) v(t) = lím(t→t₁⁺) v(t).	fisica-1 cinematica-1d examen::parcial-1 examen::recuperatorio-regularidad
Dos autos recorren la misma ruta todo el día y no chocan. ¿Qué le falta a esa situación para ser un encuentro, dicho en términos de gráficos?	Que sus trayectorias se superpongan no alcanza. El encuentro es la intersección de las dos gráficas de x(t), no la intersección de las trayectorias: hace falta que coincidan en posición y en instante a la vez, y eso es exactamente lo que ve el gráfico de posición contra tiempo y no ve el dibujo de la ruta.	fisica-1 cinematica-1d examen::parcial-1 examen::recuperatorio-regularidad
Antes de calcular nada en un problema con varios datos y varios pedidos, ¿qué conteo conviene hacer, y qué hacés si no cierra?	Contar incógnitas contra datos independientes. En el ejemplo resuelto había tres de cada uno y por eso el problema salió. Si faltan datos eso es un resultado y no un fracaso: hay que decir explícitamente cuál de las respuestas queda indeterminada, sabiendo que la parte que depende solo de los datos presentes sigue quedando determinada. El conteo va antes de calcular, no después.	fisica-1 cinematica-1d examen::parcial-1 examen::recuperatorio-regularidad
Igualás las funciones de movimiento de dos móviles, una de ellas cuadrática, y te salen dos instantes. ¿Con cuál te quedás?	En principio con los dos: las dos soluciones pueden ser físicamente válidas, así que no hay que quedarse con la primera que aparezca. Se descartan únicamente las raíces que caen fuera del intervalo de validez del tramo con el que planteaste, o fuera del dominio temporal del problema, y ese descarte se hace por escrito y justificado.	fisica-1 cinematica-1d examen::parcial-1 examen::recuperatorio-regularidad
Completá la simetría del capítulo: para bajar de x a v y de v a a se leen ___; para subir de a a v y de v a x se leen ___.	Pendientes para bajar, áreas para subir. El valor de v en un instante es la pendiente de x en ese instante y el de a es la pendiente de v; el desplazamiento entre dos instantes es el área bajo v y el cambio de velocidad es el área bajo a. Derivar baja, integrar sube, y ese ida y vuelta es el esqueleto entero del capítulo.	fisica-1 cinematica-1d examen::parcial-1 examen::recuperatorio-regularidad
El panel de v(t) de un movimiento es una recta de pendiente negativa que cruza el cero. ¿Qué forma tienen obligatoriamente los otros dos paneles?	El de a(t) es una constante negativa, porque a es la pendiente de v y esa pendiente no cambia en ningún momento. El de x(t) es una parábola con las ramas hacia abajo cuyo máximo cae justo debajo del cero de v: v positiva antes significa x creciente, v negativa después significa x decreciente, y la concavidad hacia abajo es el signo negativo de a.	fisica-1 cinematica-1d examen::parcial-1 examen::recuperatorio-regularidad
Escribí la definición de derivada de una función y(x) en un punto x₀ y decí qué representa cada pieza del cociente.	dy/dx|(x=x₀) ≡ lím(Δx→0) [y(x₀+Δx) − y(x₀)]/Δx. El numerador es el incremento de la función entre x₀ y un punto cercano, el denominador es el incremento de la variable, y el cociente entre los dos es la pendiente de la recta secante que une esos dos puntos. El límite desliza el segundo punto hacia el primero. Aplicada a x(t) da la velocidad instantánea, pero la definición no tiene nada de cinemática adentro.	fisica-1 calculo-diferencial examen::parcial-1 examen::recuperatorio-regularidad
En un cociente incremental, cuando Δx se achica el denominador tiende a cero — pero el numerador también. ¿Por qué eso no arruina el resultado?	Porque el cociente entre dos cantidades que se achican juntas puede perfectamente tender a un número finito y distinto de cero. La parábola lo muestra con números: el cociente vale a₂(2t + Δt) + a₁ para todo Δt ≠ 0, y ese valor tiende a 2a₂t + a₁, que no es ni cero ni infinito. La división está siempre permitida porque Δx se hace tan chico como uno quiera pero nunca vale cero.	fisica-1 calculo-diferencial examen::parcial-1 examen::recuperatorio-regularidad
¿Cuántas reglas de derivación hacen falta para todos los movimientos de la Guía 1, y cuáles de la tabla no vas a usar ni una vez?	Tres: constante por función, suma, y potencia. Con esas se deriva cualquier polinomio, y todos los movimientos de la guía en una dimensión son polinómicos. No hacen falta ni una vez la regla del producto, la del cociente ni la de la cadena, ni las derivadas de seno, coseno, exponencial o logaritmo: están en la tabla solamente como referencia.	fisica-1 calculo-diferencial examen::parcial-1 examen::recuperatorio-regularidad
¿Qué tienen en común todas las filas de la tabla de derivadas?	Que ninguna es un dato suelto: todas salen del mismo límite del cociente incremental, aplicado a otra función. La de la potencia es la cuenta de la parábola generalizada con el binomio de Newton — el primer término se cancela, el segundo deja αx^(α−1), y todos los demás quedan multiplicados por alguna potencia de Δx y se van con el límite. Algunas, como la del seno, necesitan además un límite auxiliar.	fisica-1 calculo-diferencial examen::parcial-1 examen::recuperatorio-regularidad
Un compañero te pasa un ejercicio donde la velocidad en el instante t₀ está anotada como dx(t₀)/dt. ¿Está mal calculada esa expresión?	No está mal calculada: está perfectamente bien calculada y da cero siempre, y eso es justamente lo que la vuelve peligrosa. El problema es de orden de operaciones: esa notación dice evaluar primero, y x(t₀) es un número fijo cuya derivada es cero. Lo que él quería escribir era derivar y después evaluar, o sea dx(t)/dt|(t=t₀), o bien x′(t₀).	fisica-1 calculo-diferencial examen::parcial-1 examen::recuperatorio-regularidad
En un punto crítico te da también y″ = 0. ¿Qué criterio general decide entonces entre extremo e inflexión?	Seguir derivando hasta encontrar la primera derivada que no se anule en ese punto: si el orden de esa derivada es par hay extremo, y si es impar hay inflexión. No se usa en ningún ejercicio de la Guía 1 y queda anotado por completitud; lo que sí hay que tener claro es que con y″ = 0 todavía no se puede afirmar nada.	fisica-1 calculo-diferencial examen::parcial-1 examen::recuperatorio-regularidad
y = x³ en x = 0: la derivada vale cero. ¿Qué clase de punto es, y qué le corresponde en el movimiento de un móvil?	Es un punto de inflexión: y′ = 3x² se anula en cero pero es positiva a ambos lados, así que la función sigue creciendo antes y después, con una meseta instantánea en el medio. Traducido a movimiento: el móvil frena hasta detenerse por un instante y arranca de nuevo para el mismo lado, sin invertir la marcha. Por eso el criterio de vuelta no es que v se anule sino que v cambie de signo.	fisica-1 calculo-diferencial examen::parcial-1 examen::recuperatorio-regularidad
¿Qué instantes son puntos críticos de x(t), y qué se puede afirmar sobre ellos apenas se los identifica?	Los instantes en que v(t) = 0 y también aquellos en que v no existe. Apenas identificados no se puede afirmar nada: son candidatos a máximo, a mínimo o a ninguna de las dos cosas. Recién la segunda derivada, que informa la concavidad, permite decidir — y si ella también se anula, sigue sin poder afirmarse nada.	fisica-1 calculo-diferencial examen::parcial-1 examen::recuperatorio-regularidad
¿Qué es una primitiva de f(x), y qué técnica nueva hace falta aprender para empezar a calcularlas?	Una primitiva de f es cualquier función y(x) tal que y′(x) = f(x), y encontrarla es integrar. Ninguna técnica nueva: alcanza con leer al revés la tabla de derivadas. Si la derivada de x³ es 3x², entonces x³ es una primitiva de 3x². El conjunto de todas las primitivas es la integral indefinida, ∫f(x)dx = y(x) + C, y dos primitivas de la misma función difieren siempre en una constante.	fisica-1 calculo-integral examen::parcial-1 examen::recuperatorio-regularidad
Integrás una suma de tres términos y escribís una constante de integración por término. ¿Está mal?	Mal no está, pero sobra: la suma de constantes es una constante, así que las tres se juntan en una sola al final. La integral es lineal, ∫Cf dx = C∫f dx y ∫(f+g)dx = ∫f dx + ∫g dx, de modo que integrar una suma es integrar término a término y agregar una única constante al final.	fisica-1 calculo-integral examen::parcial-1 examen::recuperatorio-regularidad
Enunciá la regla de Barrow y decí qué papel juega en ella la constante de integración.	Si y es cualquier primitiva de f, entonces la integral definida de f entre x_a y x_b vale y(x_b) − y(x_a). La constante no juega ningún papel: se cancela en la resta, y por eso el resultado no depende de cuál primitiva se elija. Aplicada al movimiento queda v(t) = v₀ + ∫a dt′ y x(t) = x₀ + ∫v dt′, con el instante de referencia t₀ como extremo inferior.	fisica-1 calculo-integral examen::parcial-1 examen::recuperatorio-regularidad
El gráfico de v(t) queda por debajo del eje durante parte del intervalo. ¿Cómo entra ese pedazo en el cálculo del desplazamiento?	Con signo negativo: la integral definida es el área entre la curva y el eje horizontal contada con signo, positiva donde la curva está por encima y negativa por debajo. Ese tramo resta desplazamiento, que es justo lo que hace un móvil que retrocede. Por eso el área bajo v(t) da el desplazamiento y no el camino recorrido: para el camino habría que sumar los dos pedazos en valor absoluto.	fisica-1 calculo-integral examen::parcial-1 examen::recuperatorio-regularidad
